Ticker,Company Name,Wikipedia Page,Website,Careers Page,Job Search Link
MMM,3M,https://en.wikipedia.org/wiki/3M,http://www.3m.com,http://www.3m.com/careers,https://3m.wd1.myworkdayjobs.com/en-US/Search
AOS,A. O. Smith,https://en.wikipedia.org/wiki/A._O._Smith,https://www.aosmith.com/,https://www.aosmith.com/careers,https://jobs.aosmith.com/
ABT,Abbott Laboratories,https://en.wikipedia.org/wiki/Abbott_Laboratories,http://www.abbott.com,http://www.abbott.com/careers,http://www.abbott.com/careers/search-jobs.html
ABBV,AbbVie,https://en.wikipedia.org/wiki/AbbVie,http://www.abbvie.com,Not Found,Not Found
ACN,Accenture,https://en.wikipedia.org/wiki/Accenture,https://www.accenture.com,https://www.accenture.com/careers,https://www.accenture.com/us-en/careers/jobsearch
ADBE,Adobe Inc.,https://en.wikipedia.org/wiki/Adobe_Inc.,https://www.adobe.com/,Not Found,Not Found
AMD,Advanced Micro Devices,https://en.wikipedia.org/wiki/AMD,https://www.amd.com/,https://www.amd.com/careers,https://www.amd.com/jobs?categories=Engineering&page=1
AES,AES Corporation,https://en.wikipedia.org/wiki/AES_Corporation,http://www.aes.com,http://www.aes.com/careers,http://www.aes.com/careers/search-jobs
AFL,Aflac,https://en.wikipedia.org/wiki/Aflac,http://www.aflac.com,http://www.aflac.com/careers,http://www.aflac.com/go/View-All-Jobs/8697400/
A,Agilent Technologies,https://en.wikipedia.org/wiki/Agilent_Technologies,http://www.agilent.com,Not Found,Not Found
APD,Air Products,https://en.wikipedia.org/wiki/Air_Products,http://www.airproducts.com,http://www.airproducts.com/careers,https://airproducts.wd5.myworkdayjobs.com/en-US/AP0001
ABNB,Airbnb,https://en.wikipedia.org/wiki/Airbnb,https://www.airbnb.com/,https://www.airbnb.com/careers,Not Found
AKAM,Akamai Technologies,https://en.wikipedia.org/wiki/Akamai_Technologies,http://www.akamai.com,Not Found,Not Found
ALB,Albemarle Corporation,https://en.wikipedia.org/wiki/Albemarle_Corporation,http://www.albemarle.com,http://www.albemarle.com/careers,https://albemarle.wd5.myworkdayjobs.com/External
ARE,Alexandria Real Estate Equities,https://en.wikipedia.org/wiki/Alexandria_Real_Estate_Equities,https://www.are.com/,Not Found,Not Found
ALGN,Align Technology,https://en.wikipedia.org/wiki/Align_Technology,https://www.aligntech.com,https://www.aligntech.com/careers,https://www.aligntech.com/search-job
ALLE,Allegion,https://en.wikipedia.org/wiki/Allegion,http://www.allegion.com,http://www.allegion.com/careers,https://allegion.wd5.myworkdayjobs.com/careers/jobs
LNT,Alliant Energy,https://en.wikipedia.org/wiki/Alliant_Energy,http://www.alliantenergy.com,http://www.alliantenergy.com/careers,https://alliantenergy.wd1.myworkdayjobs.com/alliant
ALL,Allstate,https://en.wikipedia.org/wiki/Allstate,https://www.allstate.com/,https://www.allstate.com/careers,https://www.allstate.jobs/job-search-results/
GOOGL,Alphabet Inc. (Class A),https://en.wikipedia.org/wiki/Alphabet_Inc.,https://www.abc.xyz/,Not Found,Not Found
GOOG,Alphabet Inc. (Class C),https://en.wikipedia.org/wiki/Alphabet_Inc.,https://www.abc.xyz/,Not Found,Not Found
MO,Altria,https://en.wikipedia.org/wiki/Altria,https://www.altria.com/,Not Found,Not Found
AMZN,Amazon,https://en.wikipedia.org/wiki/Amazon_(company),https://www.amazon.com/,https://www.amazon.com/careers,https://www.amazon.com/en/job_categories
AMCR,Amcor,https://en.wikipedia.org/wiki/Amcor,http://www.amcor.com,http://www.amcor.com/careers,Not Found
AEE,Ameren,https://en.wikipedia.org/wiki/Ameren,http://www.ameren.com,http://www.ameren.com/careers,https://ameren.wd1.myworkdayjobs.com/External?_gl=1*149fei5*_ga*MTc2MTY4NDE2My4xNjMxNTcwMTgx*_ga_8C6F435CY5*MTY1NzczMjY3MC43NDcuMS4xNjU3NzM1MzczLjA.
AEP,American Electric Power,https://en.wikipedia.org/wiki/American_Electric_Power,https://www.aep.com,https://www.aep.com/careers,https://aep.wd1.myworkdayjobs.com/en-US/AEPCareerSite/introduceYourself
AXP,American Express,https://en.wikipedia.org/wiki/American_Express,https://www.americanexpress.com/,https://www.americanexpress.com/careers,https://aexp.eightfold.ai/careers?hl=en&intlink=us-amex-career-en-us-navigation-jobs
AIG,American International Group,https://en.wikipedia.org/wiki/American_International_Group,https://www.aig.com/,https://www.aig.com/careers,https://aig.wd1.myworkdayjobs.com/aig
AMT,American Tower,https://en.wikipedia.org/wiki/American_Tower,http://www.americantower.com,Not Found,Not Found
AWK,American Water Works,https://en.wikipedia.org/wiki/American_Water_Works,http://www.amwater.com/,http://www.amwater.com/careers,https://jobs.amwater.com
AMP,Ameriprise Financial,https://en.wikipedia.org/wiki/Ameriprise_Financial,https://www.ameriprise.com,https://www.ameriprise.com/careers,https://www.ameriprise.com/careers/india-jobs
AME,Ametek,https://en.wikipedia.org/wiki/Ametek,http://www.ametek.com,Not Found,Not Found
AMGN,Amgen,https://en.wikipedia.org/wiki/Amgen,https://www.amgen.com/,https://www.amgen.com/careers,https://amgen.wd1.myworkdayjobs.com/en-US/Careers/login
APH,Amphenol,https://en.wikipedia.org/wiki/Amphenol,https://www.amphenol.com/,Not Found,Not Found
ADI,Analog Devices,https://en.wikipedia.org/wiki/Analog_Devices,https://www.analog.com/,https://www.analog.com/careers,https://analogdevices.wd1.myworkdayjobs.com/External
ANSS,Ansys,https://en.wikipedia.org/wiki/Ansys,https://www.ansys.com,Not Found,Not Found
AON,Aon plc,https://en.wikipedia.org/wiki/Aon_(company),https://www.aon.com/,https://www.aon.com/careers,https://www.aon.com/jobs
APA,APA Corporation,https://en.wikipedia.org/wiki/APA_Corporation,https://www.apacorp.com,https://www.apacorp.com/careers,Not Found
APO,Apollo Global Management,https://en.wikipedia.org/wiki/Apollo_Global_Management,http://www.apollo.com,http://www.apollo.com/careers,Not Found
AAPL,Apple Inc.,https://en.wikipedia.org/wiki/Apple_Inc.,https://www.apple.com/,https://www.apple.com/careers,https://jobs.apple.com/app/en-us/profile/info
AMAT,Applied Materials,https://en.wikipedia.org/wiki/Applied_Materials,https://www.appliedmaterials.com/,Not Found,Not Found
APTV,Aptiv,https://en.wikipedia.org/wiki/Aptiv,http://www.aptiv.com,http://www.aptiv.com/careers,http://www.aptiv.com/en/jobs
ACGL,Arch Capital Group,https://en.wikipedia.org/wiki/Arch_Capital_Group,http://www.archgroup.com,http://www.archgroup.com/careers,https://www.archgroup.com/attention-job-seekers/
ADM,Archer Daniels Midland,https://en.wikipedia.org/wiki/Archer_Daniels_Midland,http://www.adm.com,http://www.adm.com/careers,https://sjobs.brassring.com/TGnewUI/Search/Home/Home?partnerid=25416&siteid=5998#home
ANET,Arista Networks,https://en.wikipedia.org/wiki/Arista_Networks,https://www.arista.com/,https://www.arista.com/careers,Not Found
AJG,Arthur J. Gallagher & Co.,https://en.wikipedia.org/wiki/Arthur_J._Gallagher_%26_Co.,http://www.ajg.com,Not Found,Not Found
AIZ,Assurant,https://en.wikipedia.org/wiki/Assurant,http://www.assurant.com,Not Found,Not Found
T,AT&T,https://en.wikipedia.org/wiki/AT%26T,https://www.att.com/,https://www.att.com/jobs,https://att.wd1.myworkdayjobs.com/en-US/ATTGeneral/login
ATO,Atmos Energy,https://en.wikipedia.org/wiki/Atmos_Energy,http://www.atmosenergy.com,http://www.atmosenergy.com/careers,Not Found
ADSK,Autodesk,https://en.wikipedia.org/wiki/Autodesk,https://www.autodesk.com/,Not Found,Not Found
ADP,Automatic Data Processing,https://en.wikipedia.org/wiki/ADP_(company),https://www.adp.com/,Not Found,Not Found
AZO,AutoZone,https://en.wikipedia.org/wiki/AutoZone,http://www.autozone.com,http://www.autozone.com/careers,http://www.autozone.com/jobs
AVB,AvalonBay Communities,https://en.wikipedia.org/wiki/AvalonBay_Communities,https://www.avaloncommunities.com,Not Found,Not Found
AVY,Avery Dennison,https://en.wikipedia.org/wiki/Avery_Dennison,https://www.averydennison.com,https://www.averydennison.com/careers,https://www.averydennison.com/en/home/careers/search-jobs.html
AXON,Axon Enterprise,https://en.wikipedia.org/wiki/Axon_Enterprise,http://www.axon.com,Not Found,Not Found
BKR,Baker Hughes,https://en.wikipedia.org/wiki/Baker_Hughes,http://www.bakerhughes.com,Not Found,Not Found
BALL,Ball Corporation,https://en.wikipedia.org/wiki/Ball_Corporation,https://www.ball.com,Not Found,Not Found
BAC,Bank of America,https://en.wikipedia.org/wiki/Bank_of_America,https://www.bankofamerica.com/,https://www.bankofamerica.com/careers,https://www.bankofamerica.com/en-us/students/job-search
BAX,Baxter International,https://en.wikipedia.org/wiki/Baxter_International,http://www.baxter.com,http://www.baxter.com/careers,https://jobs.baxter.com/
BDX,Becton Dickinson,https://en.wikipedia.org/wiki/BD_(company),http://www.bd.com,http://www.bd.com/careers,https://jobs.bdhealthcare.cn/
BRK.B,Berkshire Hathaway,https://en.wikipedia.org/wiki/Berkshire_Hathaway,http://www.berkshirehathaway.com,Not Found,Not Found
BBY,Best Buy,https://en.wikipedia.org/wiki/Best_Buy,http://www.bestbuy.com,Not Found,Not Found
TECH,Bio-Techne,https://en.wikipedia.org/wiki/Bio-Techne,http://www.bio-techne.com,Not Found,Not Found
BIIB,Biogen,https://en.wikipedia.org/wiki/Biogen,https://www.biogen.com,https://www.biogen.com/careers,https://biibhr.wd3.myworkdayjobs.com/external
BLK,BlackRock,https://en.wikipedia.org/wiki/BlackRock,http://www.blackrock.com,http://www.blackrock.com/careers,http://www.blackrock.com/saved-jobs
BX,Blackstone Inc.,https://en.wikipedia.org/wiki/Blackstone_Inc.,http://www.blackstone.com,http://www.blackstone.com/careers,https://blackstone.wd1.myworkdayjobs.com/en-US/Blackstone_Careers
BK,BNY Mellon,https://en.wikipedia.org/wiki/BNY,https://www.bny.com/,https://www.bny.com/careers,https://consumer.ftc.gov/articles/0243-job-scams
BA,Boeing,https://en.wikipedia.org/wiki/Boeing,https://www.boeing.com,https://www.boeing.com/careers,https://www.boeing.com/saved-jobs
BKNG,Booking Holdings,https://en.wikipedia.org/wiki/Booking_Holdings,http://www.bookingholdings.com,http://www.bookingholdings.com/careers,https://www.linkedin.com/company/bookingholdings/jobs/
BSX,Boston Scientific,https://en.wikipedia.org/wiki/Boston_Scientific,http://www.bostonscientific.com,http://www.bostonscientific.com/careers,Not Found
BMY,Bristol Myers Squibb,https://en.wikipedia.org/wiki/Bristol_Myers_Squibb,https://www.bms.com,https://www.bms.com/careers,https://jobs.bms.com/careers/join
AVGO,Broadcom,https://en.wikipedia.org/wiki/Broadcom,https://www.broadcom.com/,https://www.broadcom.com/careers,Not Found
BR,Broadridge Financial Solutions,https://en.wikipedia.org/wiki/Broadridge_Financial_Solutions,http://www.broadridge.com,http://www.broadridge.com/careers,Not Found
BRO,Brown & Brown,https://en.wikipedia.org/wiki/Brown_%26_Brown,http://www.bbrown.com,http://www.bbrown.com/careers,https://bbinsurance.wd1.myworkdayjobs.com/en-US/Careers
BF.B,Brown–Forman,https://en.wikipedia.org/wiki/Brown%E2%80%93Forman,https://www.brown-forman.com/,Not Found,Not Found
BLDR,Builders FirstSource,https://en.wikipedia.org/wiki/Builders_FirstSource,https://www.bldr.com/,https://www.bldr.com/careers,https://www.bldr.com/jobs
BG,Bunge Global,https://en.wikipedia.org/wiki/Bunge_Global,http://www.bunge.com,Not Found,Not Found
BXP,"BXP, Inc.","https://en.wikipedia.org/wiki/BXP,_Inc.",http://www.bxp.com,Not Found,Not Found
CHRW,C.H. Robinson,https://en.wikipedia.org/wiki/C.H._Robinson,https://www.chrobinson.com,https://www.chrobinson.com/careers,"https://www.chrobinson.com/en-us/about-us/careers/search/#f-careers_job_region=China,Hong%20Kong,India,Indonesia,Korea%20Republic%20of,Malaysia,Philippines,Singapore,Sri%20Lanka,Taiwan,Thailand,United%20Arab%20Emirates,Vietnam"
CDNS,Cadence Design Systems,https://en.wikipedia.org/wiki/Cadence_Design_Systems,https://www.cadence.com/,Not Found,Not Found
CZR,Caesars Entertainment,https://en.wikipedia.org/wiki/Caesars_Entertainment,http://www.caesars.com,Not Found,Not Found
CPT,Camden Property Trust,https://en.wikipedia.org/wiki/Camden_Property_Trust,http://www.camdenliving.com,http://www.camdenliving.com/about/careers,Not Found
CPB,Campbell's Company (The),https://en.wikipedia.org/wiki/Campbell%27s,http://www.campbells.com,Not Found,Not Found
COF,Capital One,https://en.wikipedia.org/wiki/Capital_One,http://www.capitalone.com,Not Found,Not Found
CAH,Cardinal Health,https://en.wikipedia.org/wiki/Cardinal_Health,http://www.cardinalhealth.com,Not Found,Not Found
KMX,CarMax,https://en.wikipedia.org/wiki/CarMax,http://www.carmax.com,Not Found,Not Found
CCL,Carnival,https://en.wikipedia.org/wiki/Carnival_Corporation_%26_plc,https://www.carnivalcorp.com,https://www.carnivalcorp.com/careers,https://jobs.carnivalcorp.com/search-jobs
CARR,Carrier Global,https://en.wikipedia.org/wiki/Carrier_Global,https://www.corporate.carrier.com/,https://www.corporate.carrier.com/careers,https://jobs.carrier.com/
CAT,Caterpillar Inc.,https://en.wikipedia.org/wiki/Caterpillar_Inc.,https://www.caterpillar.com/,https://www.caterpillar.com/careers,https://cat.wd5.myworkdayjobs.com/CaterpillarCareers/login
CBOE,Cboe Global Markets,https://en.wikipedia.org/wiki/Cboe_Global_Markets,http://www.cboe.com,http://www.cboe.com/careers,Not Found
CBRE,CBRE Group,https://en.wikipedia.org/wiki/CBRE_Group,https://www.cbre.com,Not Found,Not Found
CDW,CDW Corporation,https://en.wikipedia.org/wiki/CDW,http://www.cdw.com,Not Found,Not Found
COR,Cencora,https://en.wikipedia.org/wiki/Cencora,https://www.cencora.com/,Not Found,Not Found
CNC,Centene Corporation,https://en.wikipedia.org/wiki/Centene_Corporation,https://www.centene.com/,Not Found,Not Found
CNP,CenterPoint Energy,https://en.wikipedia.org/wiki/CenterPoint_Energy,https://www.centerpointenergy.com,https://www.centerpointenergy.com/careers,https://www.centerpointenergy.com/go/Featured-Jobs/9511400/
CF,CF Industries,https://en.wikipedia.org/wiki/CF_Industries,https://www.cfindustries.com/,Not Found,Not Found
CRL,Charles River Laboratories,https://en.wikipedia.org/wiki/Charles_River_Laboratories,http://www.criver.com,Not Found,Not Found
SCHW,Charles Schwab Corporation,https://en.wikipedia.org/wiki/Charles_Schwab_Corporation,https://www.aboutschwab.com,Not Found,Not Found
CHTR,Charter Communications,https://en.wikipedia.org/wiki/Charter_Communications,https://www.corporate.charter.com/,Not Found,Not Found
CVX,Chevron Corporation,https://en.wikipedia.org/wiki/Chevron_Corporation,https://www.chevron.com/,https://www.chevron.com/careers,https://www.chevron.com/search-jobs
CMG,Chipotle Mexican Grill,https://en.wikipedia.org/wiki/Chipotle_Mexican_Grill,http://www.chipotle.com,http://www.chipotle.com/careers,https://jobs-es.chipotle.com/
CB,Chubb Limited,https://en.wikipedia.org/wiki/Chubb_Limited,https://www.chubb.com,https://www.chubb.com/careers,Not Found
CHD,Church & Dwight,https://en.wikipedia.org/wiki/Church_%26_Dwight,http://www.churchdwight.com,http://www.churchdwight.com/careers,https://churchdwight.wd1.myworkdayjobs.com/chdcareers
CI,Cigna,https://en.wikipedia.org/wiki/Cigna,http://www.cigna.com,http://www.cigna.com/careers,https://jobs.thecignagroup.com/us/en/recruitment-fraud
CINF,Cincinnati Financial,https://en.wikipedia.org/wiki/Cincinnati_Financial,http://www.cinfin.com,http://www.cinfin.com/careers,https://cinfin.taleo.net/careersection/ex/jobsearch.ftl?lang=en
CTAS,Cintas,https://en.wikipedia.org/wiki/Cintas,https://www.cintas.com,https://www.cintas.com/careers,https://careers.cintas.com/search/?utm_source=CorpSite&utm_medium=Careers&utm_campaign=SearchJobsTop
CSCO,Cisco,https://en.wikipedia.org/wiki/Cisco,https://www.cisco.com/,https://www.cisco.com/careers,Not Found
C,Citigroup,https://en.wikipedia.org/wiki/Citigroup,https://www.citigroup.com,https://www.citigroup.com/careers,https://jobs.citi.com/dei
CFG,Citizens Financial Group,https://en.wikipedia.org/wiki/Citizens_Financial_Group,https://www.citizensbank.com/,Not Found,Not Found
CLX,Clorox,https://en.wikipedia.org/wiki/Clorox,https://www.thecloroxcompany.com,https://www.thecloroxcompany.com/careers,https://www.thecloroxcompany.com/job-search/
CME,CME Group,https://en.wikipedia.org/wiki/CME_Group,https://www.cmegroup.com/,https://www.cmegroup.com/careers,https://cmegroup.wd1.myworkdayjobs.com/en-US/cme_careers
CMS,CMS Energy,https://en.wikipedia.org/wiki/CMS_Energy,http://www.cmsenergy.com,Not Found,Not Found
KO,Coca-Cola Company (The),https://en.wikipedia.org/wiki/The_Coca-Cola_Company,https://www.coca-colacompany.com/,https://www.coca-colacompany.com/careers,https://www.coca-colacompany.com/careers/job-search/systemjobs
CTSH,Cognizant,https://en.wikipedia.org/wiki/Cognizant,https://www.cognizant.com,Not Found,Not Found
COIN,Coinbase,https://en.wikipedia.org/wiki/Coinbase,https://www.coinbase.com,Not Found,Not Found
CL,Colgate-Palmolive,https://en.wikipedia.org/wiki/Colgate-Palmolive,https://www.colgatepalmolive.com,Not Found,Not Found
CMCSA,Comcast,https://en.wikipedia.org/wiki/Comcast,https://www.corporate.comcast.com,Not Found,Not Found
CAG,Conagra Brands,https://en.wikipedia.org/wiki/Conagra_Brands,https://www.conagrabrands.com/,Not Found,Not Found
COP,ConocoPhillips,https://en.wikipedia.org/wiki/ConocoPhillips,https://www.conocophillips.com/,https://www.conocophillips.com/careers,https://careers.conocophillips.com/contract-jobs/
ED,Consolidated Edison,https://en.wikipedia.org/wiki/Consolidated_Edison,http://www.coned.com,http://www.coned.com/careers,http://ejcu.fa.us6.oraclecloud.com/hcmUI/CandidateExperience/en/sites/CX_1033/?utm_medium=jobshare
STZ,Constellation Brands,https://en.wikipedia.org/wiki/Constellation_Brands,http://www.cbrands.com,http://www.cbrands.com/careers,Not Found
CEG,Constellation Energy,https://en.wikipedia.org/wiki/Constellation_Energy,http://www.constellationenergy.com,http://www.constellationenergy.com/careers,https://careers-constellationenergy.icims.com/jobs/login?loginOnly=1
COO,Cooper Companies (The),https://en.wikipedia.org/wiki/The_Cooper_Companies,http://www.coopercos.com,http://www.coopercos.com/careers,Not Found
CPRT,Copart,https://en.wikipedia.org/wiki/Copart,https://www.copart.com/,Not Found,Not Found
GLW,Corning Inc.,https://en.wikipedia.org/wiki/Corning_Inc.,http://www.corning.com,Not Found,Not Found
CPAY,Corpay,https://en.wikipedia.org/wiki/Corpay,http://www.corpay.com,http://www.corpay.com/careers,https://corpay.wd103.myworkdayjobs.com/Ext_001?locationCountry=131d5ac7e3ee4d7b962bdc96e498e412&locationCountry=9696868b09c64d52a62ee13b052383cc&locationCountry=8cd04a563fd94da7b06857a79faaf815&locationCountry=04a05835925f45b3a59406a2a6b72c8a&locationCountry=dcc5b7608d8644b3a93716604e78e995&locationCountry=54c5b6971ffb4bf0b116fe7651ec789a&locationCountry=49ab063f422741e2aef271de00efeac8&locationCountry=fc078443155c4ad294201ecf5a61a499&locationCountry=bd34c524a6a04ae6915f5d96fa086199&locationCountry=29247e57dbaf46fb855b224e03170bc7 
CTVA,Corteva,https://en.wikipedia.org/wiki/Corteva,http://www.corteva.com,http://www.corteva.com/careers,Not Found
CSGP,CoStar Group,https://en.wikipedia.org/wiki/CoStar_Group,http://www.costargroup.com,Not Found,Not Found
COST,Costco,https://en.wikipedia.org/wiki/Costco,https://www.costco.com/,https://www.costco.com/careers,https://mobilecontent.costco.com/live/resource/img/homepage/Costco-CA-Job-Candidate-Privacy-Notice-2023.pdf
CTRA,Coterra,https://en.wikipedia.org/wiki/Coterra,https://www.coterra.com/,https://www.coterra.com/careers,Not Found
CRWD,CrowdStrike,https://en.wikipedia.org/wiki/CrowdStrike,https://www.crowdstrike.com/,https://www.crowdstrike.com/careers,https://crowdstrike.wd5.myworkdayjobs.com/crowdstrikecareers
CCI,Crown Castle,https://en.wikipedia.org/wiki/Crown_Castle,http://www.crowncastle.com,http://www.crowncastle.com/careers,https://recruiting2.ultipro.com/CRO1010CCUSA/JobBoard/74c30440-80fa-4099-8981-2e10b7193d27/?q=&o=postedDateDesc
CSX,CSX Corporation,https://en.wikipedia.org/wiki/CSX_Corporation,http://www.csx.com,Not Found,Not Found
CMI,Cummins,https://en.wikipedia.org/wiki/Cummins,http://www.cummins.com,Not Found,Not Found
CVS,CVS Health,https://en.wikipedia.org/wiki/CVS_Health,http://www.cvshealth.com/,http://www.cvshealth.com/careers,https://jobs.cvshealth.com/us/en/home
DHR,Danaher Corporation,https://en.wikipedia.org/wiki/Danaher_Corporation,http://www.danaher.com,Not Found,Not Found
DRI,Darden Restaurants,https://en.wikipedia.org/wiki/Darden_Restaurants,http://www.darden.com,http://www.darden.com/careers,Not Found
DVA,DaVita,https://en.wikipedia.org/wiki/DaVita,https://www.davita.com,https://www.davita.com/careers,Not Found
DAY,Dayforce,https://en.wikipedia.org/wiki/Dayforce,http://www.dayforce.com,Not Found,Not Found
DECK,Deckers Brands,https://en.wikipedia.org/wiki/Deckers_Brands,https://www.deckers.com,Not Found,Not Found
DE,Deere & Company,https://en.wikipedia.org/wiki/John_Deere,http://www.deere.com,http://www.deere.com/careers,Not Found
DELL,Dell Technologies,https://en.wikipedia.org/wiki/Dell_Technologies,http://www.dell.com,Not Found,Not Found
DAL,Delta Air Lines,https://en.wikipedia.org/wiki/Delta_Air_Lines,http://www.delta.com,http://www.delta.com/careers,Not Found
DVN,Devon Energy,https://en.wikipedia.org/wiki/Devon_Energy,http://www.devonenergy.com,http://www.devonenergy.com/careers,https://wd5.myworkdaysite.com/recruiting/devonenergy/Careers/job/Oklahoma-City-OK/Devon-Geoscience-Day-Application_R25162
DXCM,Dexcom,https://en.wikipedia.org/wiki/Dexcom,http://www.dexcom.com,http://www.dexcom.com/careers,Not Found
FANG,Diamondback Energy,https://en.wikipedia.org/wiki/Diamondback_Energy,https://www.diamondbackenergy.com,Not Found,Not Found
DLR,Digital Realty,https://en.wikipedia.org/wiki/Digital_Realty,http://www.digitalrealty.com,http://www.digitalrealty.com/careers,Not Found
DG,Dollar General,https://en.wikipedia.org/wiki/Dollar_General,http://www.dollargeneral.com,http://www.dollargeneral.com/careers,http://www.dollargeneral.com/jobs
DLTR,Dollar Tree,https://en.wikipedia.org/wiki/Dollar_Tree,http://www.dollartree.com,http://www.dollartree.com/careers,Not Found
D,Dominion Energy,https://en.wikipedia.org/wiki/Dominion_Energy,http://www.dominionenergy.com,http://www.dominionenergy.com/jobs,Not Found
DPZ,Domino's,https://en.wikipedia.org/wiki/Domino%27s,https://www.dominos.com,https://www.dominos.com/careers,Not Found
DASH,DoorDash,https://en.wikipedia.org/wiki/DoorDash,https://www.doordash.com,Not Found,Not Found
DOV,Dover Corporation,https://en.wikipedia.org/wiki/Dover_Corporation,http://www.dovercorporation.com,http://www.dovercorporation.com/careers,Not Found
DOW,Dow Inc.,https://en.wikipedia.org/wiki/Dow_Chemical_Company,https://www.dow.com,Not Found,Not Found
DHI,D. R. Horton,https://en.wikipedia.org/wiki/D._R._Horton,http://www.drhorton.com,http://www.drhorton.com/careers,https://drhorton.taleo.net/careersection/2/jobsearch.ftl?lang=en
DTE,DTE Energy,https://en.wikipedia.org/wiki/DTE_Energy,http://www.dteenergy.com,http://www.dteenergy.com/careers,https://careers.dteenergy.com/go/View-All-Jobs/4476200/
DUK,Duke Energy,https://en.wikipedia.org/wiki/Duke_Energy,https://www.duke-energy.com,https://www.duke-energy.com/careers,https://dukeenergy.wd1.myworkdayjobs.com/search
DD,DuPont,https://en.wikipedia.org/wiki/DuPont,http://www.dupont.com,http://www.dupont.com/careers.html,Not Found
EMN,Eastman Chemical Company,https://en.wikipedia.org/wiki/Eastman_Chemical_Company,https://www.eastman.com,https://www.eastman.com/company/careers,https://jobs.eastman.com/search/?q=&locationsearch=
ETN,Eaton Corporation,https://en.wikipedia.org/wiki/Eaton_Corporation,https://www.eaton.com/,Not Found,Not Found
EBAY,eBay Inc.,https://en.wikipedia.org/wiki/EBay,http://www.ebay.com,Not Found,Not Found
ECL,Ecolab,https://en.wikipedia.org/wiki/Ecolab,http://www.ecolab.com,Not Found,Not Found
EIX,Edison International,https://en.wikipedia.org/wiki/Edison_International,http://www.edison.com,http://www.edison.com/careers,http://www.edison.com/job-search-results/?brand=Southern%20California%20Edison
EW,Edwards Lifesciences,https://en.wikipedia.org/wiki/Edwards_Lifesciences,http://www.edwards.com,http://www.edwards.com/careers,http://www.edwards.com/careers/jobsearch
EA,Electronic Arts,https://en.wikipedia.org/wiki/Electronic_Arts,https://www.ea.com/,https://www.ea.com/careers,https://jobs.ea.com
ELV,Elevance Health,https://en.wikipedia.org/wiki/Elevance_Health,http://www.elevancehealth.com,http://www.elevancehealth.com/careers,http://www.elevancehealth.com/jobs
EMR,Emerson Electric,https://en.wikipedia.org/wiki/Emerson_Electric,http://www.emerson.com,http://www.emerson.com/careers,Not Found
ENPH,Enphase Energy,https://en.wikipedia.org/wiki/Enphase_Energy,http://www.enphase.com,http://www.enphase.com/careers,Not Found
ETR,Entergy,https://en.wikipedia.org/wiki/Entergy,https://www.entergy.com/,https://www.entergy.com/careers,https://jobs.entergy.com
EOG,EOG Resources,https://en.wikipedia.org/wiki/EOG_Resources,https://www.eogresources.com,Not Found,Not Found
EPAM,EPAM Systems,https://en.wikipedia.org/wiki/EPAM_Systems,http://www.epam.com,Not Found,Not Found
EQT,EQT Corporation,https://en.wikipedia.org/wiki/EQT_Corporation,https://www.eqt.com,https://www.eqt.com/careers,Not Found
EFX,Equifax,https://en.wikipedia.org/wiki/Equifax,http://www.equifax.com,Not Found,Not Found
EQIX,Equinix,https://en.wikipedia.org/wiki/Equinix,http://www.equinix.com,http://www.equinix.com/careers,http://www.equinix.com/jobs/search
EQR,Equity Residential,https://en.wikipedia.org/wiki/Equity_Residential,http://www.equityapartments.com,Not Found,Not Found
ERIE,Erie Indemnity,https://en.wikipedia.org/wiki/Erie_Insurance_Group,http://www.erieinsurance.com,http://www.erieinsurance.com/careers,https://jobs.erieinsurance.com
ESS,Essex Property Trust,https://en.wikipedia.org/wiki/Essex_Property_Trust,https://www.essexapartmenthomes.com,https://www.essexapartmenthomes.com/careers,https://essex.wd5.myworkdayjobs.com/essexcareers
EL,Estée Lauder Companies (The),https://en.wikipedia.org/wiki/The_Est%C3%A9e_Lauder_Companies,http://www.elcompanies.com,http://www.elcompanies.com/careers,http://www.elcompanies.com/en/careers/retail-jobs
EG,Everest Group,https://en.wikipedia.org/wiki/Everest_Group,http://www.everestglobal.com,http://www.everestglobal.com/careers,Not Found
EVRG,Evergy,https://en.wikipedia.org/wiki/Evergy,http://www.evergy.com,Not Found,Not Found
ES,Eversource Energy,https://en.wikipedia.org/wiki/Eversource_Energy,https://www.eversource.com,Not Found,Not Found
EXC,Exelon,https://en.wikipedia.org/wiki/Exelon,https://www.exeloncorp.com/,https://www.exeloncorp.com/careers,https://careers-exeloncorp.icims.com/jobs/login?loginOnly=1
EXE,Expand Energy,https://en.wikipedia.org/wiki/Expand_Energy,http://www.expandenergy.com,http://www.expandenergy.com/careers,https://www.expandenergy.com/careers/job-search/
EXPE,Expedia Group,https://en.wikipedia.org/wiki/Expedia_Group,http://www.expediagroup.com,Not Found,Not Found
EXPD,Expeditors International,https://en.wikipedia.org/wiki/Expeditors_International,https://www.expeditors.com,https://www.expeditors.com/careers,https://www.expeditors.com/careers/jobs
EXR,Extra Space Storage,https://en.wikipedia.org/wiki/Extra_Space_Storage,https://www.extraspace.com,https://www.extraspace.com/careers,https://www.extraspace.com/jobs
XOM,ExxonMobil,https://en.wikipedia.org/wiki/ExxonMobil,https://www.corporate.exxonmobil.com/,Not Found,Not Found
FFIV,"F5, Inc.","https://en.wikipedia.org/wiki/F5,_Inc.",https://www.f5.com/,https://www.f5.com/careers,https://ffive.wd5.myworkdayjobs.com/f5jobs
FDS,FactSet,https://en.wikipedia.org/wiki/FactSet,http://www.factset.com,http://www.factset.com/careers,Not Found
FICO,Fair Isaac,https://en.wikipedia.org/wiki/FICO,https://www.fico.com/,Not Found,Not Found
FAST,Fastenal,https://en.wikipedia.org/wiki/Fastenal,https://www.fastenal.com,Not Found,Not Found
FRT,Federal Realty Investment Trust,https://en.wikipedia.org/wiki/Federal_Realty_Investment_Trust,http://www.federalrealty.com,http://www.federalrealty.com/careers,https://www.federalrealty.com/careers-detail/#Job-Openings
FDX,FedEx,https://en.wikipedia.org/wiki/FedEx,https://www.fedex.com/,Not Found,Not Found
FIS,Fidelity National Information Services,https://en.wikipedia.org/wiki/FIS_(company),https://www.fisglobal.com,Not Found,Not Found
FITB,Fifth Third Bancorp,https://en.wikipedia.org/wiki/Fifth_Third_Bancorp,https://www.53.com/,Not Found,Not Found
FSLR,First Solar,https://en.wikipedia.org/wiki/First_Solar,http://www.firstsolar.com,http://www.firstsolar.com/careers,https://fa-esbv-saasfaprod1.fa.ocs.oraclecloud.com/hcmUI/CandidateExperience/en/sites/CX_1/job/1013781
FE,FirstEnergy,https://en.wikipedia.org/wiki/FirstEnergy,http://www.firstenergycorp.com,http://www.firstenergycorp.com/careers,http://www.firstenergycorp.com/careers/searchjobs.html
FI,Fiserv,https://en.wikipedia.org/wiki/Fiserv,http://www.fiserv.com,http://www.fiserv.com/careers,https://fiserv.wd5.myworkdayjobs.com/en-US/EXT/login/ok
F,Ford Motor Company,https://en.wikipedia.org/wiki/Ford_Motor_Company,https://www.ford.com,Not Found,Not Found
FTNT,Fortinet,https://en.wikipedia.org/wiki/Fortinet,http://www.fortinet.com,Not Found,Not Found
FTV,Fortive,https://en.wikipedia.org/wiki/Fortive,http://www.fortive.com,http://www.fortive.com/careers,http://www.fortive.com/be-alert-job-scams-and-recruitment-fraud
FOXA,Fox Corporation (Class A),https://en.wikipedia.org/wiki/Fox_Corporation,https://www.foxcorporation.com/,Not Found,Not Found
FOX,Fox Corporation (Class B),https://en.wikipedia.org/wiki/Fox_Corporation,https://www.foxcorporation.com/,Not Found,Not Found
BEN,Franklin Resources,https://en.wikipedia.org/wiki/Franklin_Templeton_Investments,http://www.franklinresources.com,Not Found,Not Found
FCX,Freeport-McMoRan,https://en.wikipedia.org/wiki/Freeport-McMoRan,http://www.fcx.com,http://www.fcx.com/careers,http://www.fmjobs.com/
GRMN,Garmin,https://en.wikipedia.org/wiki/Garmin,http://www.garmin.com,http://www.garmin.com/careers,http://www.garmin.com/jobs
IT,Gartner,https://en.wikipedia.org/wiki/Gartner,https://www.gartner.com/,Not Found,Not Found
GE,GE Aerospace,https://en.wikipedia.org/wiki/GE_Aerospace,https://www.geaerospace.com/,https://www.geaerospace.com/careers,https://jobs.gecareers.com/aviation/global/en/?_gl=1*u8y6wx*_ga*MTQ0MjE1NjAwMS4xNzA1MDczODY3*_ga_M2Q4NS0CLZ*MTcwNjgwOTk4MS41MC4xLjE3MDY4MTU2NzcuNTQuMC4w&_ga=2.228130138.655080586.1706548817-1442156001.1705073867
GEHC,GE HealthCare,https://en.wikipedia.org/wiki/GE_HealthCare,http://www.gehealthcare.com,http://www.gehealthcare.com/careers,https://jobs.gecareers.com/healthcare/global/en/blog
GEV,GE Vernova,https://en.wikipedia.org/wiki/GE_Vernova,https://www.gevernova.com,https://www.gevernova.com/careers,Not Found
GEN,Gen Digital,https://en.wikipedia.org/wiki/Gen_Digital,https://www.gendigital.com/,https://www.gendigital.com/careers,https://gen.wd1.myworkdayjobs.com/en-US/careers
GNRC,Generac,https://en.wikipedia.org/wiki/Generac,http://www.generac.com,http://www.generac.com/careers,https://generac.wd5.myworkdayjobs.com/External
GD,General Dynamics,https://en.wikipedia.org/wiki/General_Dynamics,https://www.gd.com/,https://www.gd.com/careers,https://www.gd.com/careers/job-search
GIS,General Mills,https://en.wikipedia.org/wiki/General_Mills,http://www.generalmills.com,http://www.generalmills.com/careers,http://www.generalmills.com/internal/jobs
GM,General Motors,https://en.wikipedia.org/wiki/General_Motors,https://www.gm.com/,Not Found,Not Found
GPC,Genuine Parts Company,https://en.wikipedia.org/wiki/Genuine_Parts_Company,http://www.genpt.com,Not Found,Not Found
GILD,Gilead Sciences,https://en.wikipedia.org/wiki/Gilead_Sciences,http://www.gilead.com,Not Found,Not Found
GPN,Global Payments,https://en.wikipedia.org/wiki/Global_Payments,http://www.globalpayments.com,Not Found,Not Found
GL,Globe Life,https://en.wikipedia.org/wiki/Globe_Life,http://www.globelifeinsurance.com,http://www.globelifeinsurance.com/careers,http://www.globelifeinsurance.com/jobs/jobs-by-category
GDDY,GoDaddy,https://en.wikipedia.org/wiki/GoDaddy,Not Found,Not Found,Not Found
GS,Goldman Sachs,https://en.wikipedia.org/wiki/Goldman_Sachs,https://www.goldmansachs.com/,https://www.goldmansachs.com/careers,Not Found
HAL,Halliburton,https://en.wikipedia.org/wiki/Halliburton,http://www.halliburton.com,http://www.halliburton.com/careers,http://www.halliburton.com/saved-jobs
HIG,Hartford (The),https://en.wikipedia.org/wiki/The_Hartford,https://www.thehartford.com,https://www.thehartford.com/careers,https://thehartford.wd5.myworkdayjobs.com/Careers_External
HAS,Hasbro,https://en.wikipedia.org/wiki/Hasbro,https://www.corporate.hasbro.com,Not Found,Not Found
HCA,HCA Healthcare,https://en.wikipedia.org/wiki/HCA_Healthcare,https://www.hcahealthcare.com/,Not Found,Not Found
DOC,Healthpeak Properties,https://en.wikipedia.org/wiki/Healthpeak_Properties,https://www.healthpeak.com,https://www.healthpeak.com/careers,Not Found
HSIC,Henry Schein,https://en.wikipedia.org/wiki/Henry_Schein,http://www.henryschein.com,http://www.henryschein.com/careers,https://www.henryschein.com/us-en/Corporate/Career/JobSearch.aspx?id=1&hsi_domain=www.henryschein.com&hsi_locale=us-en
HSY,Hershey Company (The),https://en.wikipedia.org/wiki/The_Hershey_Company,https://www.thehersheycompany.com/en_us/home.html,Not Found,Not Found
HES,Hess Corporation,https://en.wikipedia.org/wiki/Hess_Corporation,http://www.hess.com,http://www.hess.com/careers,https://jobs.hess.com/go/Geoscience-Jobs/8062600/
HPE,Hewlett Packard Enterprise,https://en.wikipedia.org/wiki/Hewlett_Packard_Enterprise,https://www.hpe.com,Not Found,Not Found
HLT,Hilton Worldwide,https://en.wikipedia.org/wiki/Hilton_Worldwide,https://www.hilton.com/,Not Found,Not Found
HOLX,Hologic,https://en.wikipedia.org/wiki/Hologic,https://www.hologic.com/,https://www.hologic.com/careers,Not Found
HD,Home Depot (The),https://en.wikipedia.org/wiki/Home_Depot,https://www.homedepot.com/,https://www.homedepot.com/careers,https://careers.homedepot.com/shop-jobs
HON,Honeywell,https://en.wikipedia.org/wiki/Honeywell,https://www.honeywell.com/,Not Found,Not Found
HRL,Hormel Foods,https://en.wikipedia.org/wiki/Hormel_Foods,http://www.hormelfoods.com,http://www.hormelfoods.com/careers,Not Found
HST,Host Hotels & Resorts,https://en.wikipedia.org/wiki/Host_Hotels_%26_Resorts,http://www.hosthotels.com,http://www.hosthotels.com/careers,Not Found
HWM,Howmet Aerospace,https://en.wikipedia.org/wiki/Howmet_Aerospace,https://www.howmet.com,https://www.howmet.com/joinus,Not Found
HPQ,HP Inc.,https://en.wikipedia.org/wiki/HP_Inc.,https://www.hp.com/,https://www.hp.com/careers,https://jobs.hp.com/us/
HUBB,Hubbell Incorporated,https://en.wikipedia.org/wiki/Hubbell_Incorporated,https://www.hubbell.com/,https://www.hubbell.com/jobs,https://careers.hubbell.com/go/All-Jobs/9100800/
HUM,Humana,https://en.wikipedia.org/wiki/Humana,https://www.humana.com/,https://www.humana.com/careers,Not Found
HBAN,Huntington Bancshares,https://en.wikipedia.org/wiki/Huntington_Bancshares,https://www.huntington.com/,Not Found,Not Found
HII,Huntington Ingalls Industries,https://en.wikipedia.org/wiki/Huntington_Ingalls_Industries,http://www.hii.com,http://www.hii.com/careers,https://jobs.hii-tsd.com/
IBM,IBM,https://en.wikipedia.org/wiki/IBM,http://www.ibm.com,http://www.ibm.com/careers,https://www.ibm.com/careers/blog/5-essential-skills-for-a-job-in-data-and-ai
IEX,IDEX Corporation,https://en.wikipedia.org/wiki/IDEX_Corporation,http://www.idexcorp.com,http://www.idexcorp.com/careers,https://idexcorporation.jobs/
IDXX,Idexx Laboratories,https://en.wikipedia.org/wiki/Idexx_Laboratories,https://www.idexx.com/,https://www.idexx.com/careers,Not Found
ITW,Illinois Tool Works,https://en.wikipedia.org/wiki/Illinois_Tool_Works,https://www.itw.com/,https://www.itw.com/careers,Not Found
INCY,Incyte,https://en.wikipedia.org/wiki/Incyte,http://www.incyte.com,Not Found,Not Found
IR,Ingersoll Rand,https://en.wikipedia.org/wiki/Ingersoll_Rand,http://www.irco.com,http://www.irco.com/about/careers,http://www.irco.com/go/View-all-Jobs/8874900/
PODD,Insulet Corporation,https://en.wikipedia.org/w/index.php?title=Insulet_Corporation&action=edit&redlink=1,Not Found,Not Found,Not Found
INTC,Intel,https://en.wikipedia.org/wiki/Intel,https://www.intel.com,Not Found,Not Found
ICE,Intercontinental Exchange,https://en.wikipedia.org/wiki/Intercontinental_Exchange,http://www.ice.com,http://www.ice.com/careers,Not Found
IFF,International Flavors & Fragrances,https://en.wikipedia.org/wiki/International_Flavors_%26_Fragrances,https://www.iff.com/,Not Found,Not Found
IP,International Paper,https://en.wikipedia.org/wiki/International_Paper,http://www.internationalpaper.com,http://www.internationalpaper.com/careers,https://jobs.internationalpaper.com/?locale=en_GB
IPG,Interpublic Group of Companies (The),https://en.wikipedia.org/wiki/The_Interpublic_Group_of_Companies,http://www.interpublic.com,Not Found,Not Found
INTU,Intuit,https://en.wikipedia.org/wiki/Intuit,https://www.intuit.com/,https://www.intuit.com/careers,https://jobs.intuit.com/category/administration-jobs/27595/68333/1
ISRG,Intuitive Surgical,https://en.wikipedia.org/wiki/Intuitive_Surgical,http://www.intuitive.com,Not Found,Not Found
IVZ,Invesco,https://en.wikipedia.org/wiki/Invesco,http://www.invesco.com,Not Found,Not Found
INVH,Invitation Homes,https://en.wikipedia.org/wiki/Invitation_Homes,http://www.invitationhomes.com,http://www.invitationhomes.com/careers,http://www.invitationhomes.com/jobs
IQV,IQVIA,https://en.wikipedia.org/wiki/IQVIA,http://www.iqvia.com,http://www.iqvia.com/careers,http://www.iqvia.com/saved-jobs
IRM,Iron Mountain,https://en.wikipedia.org/wiki/Iron_Mountain_(company),http://www.ironmountain.com,http://www.ironmountain.com/careers,https://french.ironmountain.jobs/
JBHT,J.B. Hunt,https://en.wikipedia.org/wiki/J.B._Hunt,https://www.jbhunt.com,https://www.jbhunt.com/careers,https://www.jbhunt.com/jobs
JBL,Jabil,https://en.wikipedia.org/wiki/Jabil,http://www.jabil.com,http://www.jabil.com/careers,http://www.jabil.com/careers/jobs.html
JKHY,Jack Henry & Associates,https://en.wikipedia.org/wiki/Jack_Henry_%26_Associates,http://www.jackhenry.com,http://www.jackhenry.com/careers,http://www.jackhenry.com/saved-jobs
J,Jacobs Solutions,https://en.wikipedia.org/wiki/Jacobs_Solutions,http://www.jacobs.com,http://www.jacobs.com/join-us,http://www.jacobs.com/jacobs-and-infrastructure-investment-and-jobs-act
JNJ,Johnson & Johnson,https://en.wikipedia.org/wiki/Johnson_%26_Johnson,https://www.jnj.com/,Not Found,Not Found
JCI,Johnson Controls,https://en.wikipedia.org/wiki/Johnson_Controls,https://www.johnsoncontrols.com/,https://www.johnsoncontrols.com/careers,https://jobs.johnsoncontrols.com
JPM,JPMorgan Chase,https://en.wikipedia.org/wiki/JPMorgan_Chase,https://www.jpmorganchase.com/,https://www.jpmorganchase.com/careers,Not Found
JNPR,Juniper Networks,https://en.wikipedia.org/wiki/Juniper_Networks,http://www.juniper.net,http://www.juniper.net/careers,https://jobs.juniper.net/careers
K,Kellanova,https://en.wikipedia.org/wiki/Kellanova,http://www.kellanova.com,Not Found,Not Found
KVUE,Kenvue,https://en.wikipedia.org/wiki/Kenvue,http://www.kenvue.com,http://www.kenvue.com/careers,https://kenvue.taleo.net/careersection/2/jobsearch.ftl?CATEGORY=760240260991
KDP,Keurig Dr Pepper,https://en.wikipedia.org/wiki/Keurig_Dr_Pepper,http://www.keurigdrpepper.com,http://www.keurigdrpepper.com/join,https://careers.keurigdrpepper.com/jobs?country=United%20States
KEY,KeyCorp,https://en.wikipedia.org/wiki/KeyCorp,http://www.key.com,Not Found,Not Found
KEYS,Keysight Technologies,https://en.wikipedia.org/wiki/Keysight_Technologies,http://www.keysight.com,Not Found,Not Found
KMB,Kimberly-Clark,https://en.wikipedia.org/wiki/Kimberly-Clark,https://www.kimberly-clark.com/en-us/,https://www.kimberly-clark.com/en-us/careers,Not Found
KIM,Kimco Realty,https://en.wikipedia.org/wiki/Kimco_Realty,https://www.kimcorealty.com/,https://www.kimcorealty.com/careers,https://kimcorealty.wd1.myworkdayjobs.com/KimcoCareers
KMI,Kinder Morgan,https://en.wikipedia.org/wiki/Kinder_Morgan,http://www.kindermorgan.com,http://www.kindermorgan.com/careers,http://www.kindermorgan.com/Careers/Job-Opportunities
KKR,KKR & Co.,https://en.wikipedia.org/wiki/Kohlberg_Kravis_Roberts,http://www.kkr.com,http://www.kkr.com/careers,Not Found
KLAC,KLA Corporation,https://en.wikipedia.org/wiki/KLA_Corporation,https://www.kla.com/,https://www.kla.com/careers,https://kla.wd1.myworkdayjobs.com/Search
KHC,Kraft Heinz,https://en.wikipedia.org/wiki/Kraft_Heinz,https://www.kraftheinzcompany.com/,https://www.kraftheinzcompany.com/careers,https://careers.kraftheinz.com/job-search-results/
KR,Kroger,https://en.wikipedia.org/wiki/Kroger,https://www.thekrogerco.com/,https://www.thekrogerco.com/careers,Not Found
LHX,L3Harris,https://en.wikipedia.org/wiki/L3Harris,http://www.l3harris.com,http://www.l3harris.com/careers,http://www.l3harris.com/search-jobs
LH,Labcorp,https://en.wikipedia.org/wiki/Labcorp,http://www.labcorp.com,http://www.labcorp.com/careers,Not Found
LRCX,Lam Research,https://en.wikipedia.org/wiki/Lam_Research,https://www.lamresearch.com/,https://www.lamresearch.com/careers,Not Found
LW,Lamb Weston,https://en.wikipedia.org/wiki/Lamb_Weston,http://www.lambweston.com,http://www.lambweston.com/careers,http://www.lambweston.com/saved-jobs
LVS,Las Vegas Sands,https://en.wikipedia.org/wiki/Las_Vegas_Sands,http://www.sands.com,Not Found,Not Found
LDOS,Leidos,https://en.wikipedia.org/wiki/Leidos,http://www.leidos.com,Not Found,Not Found
LEN,Lennar,https://en.wikipedia.org/wiki/Lennar,http://www.lennar.com,Not Found,Not Found
LII,Lennox International,https://en.wikipedia.org/wiki/Lennox_International,http://www.lennox.com,http://www.lennox.com/careers,Not Found
LLY,Lilly (Eli),https://en.wikipedia.org/wiki/Eli_Lilly_and_Company,https://www.lilly.com,Not Found,Not Found
LIN,Linde plc,https://en.wikipedia.org/wiki/Linde_plc,http://www.linde.com,Not Found,Not Found
LYV,Live Nation Entertainment,https://en.wikipedia.org/wiki/Live_Nation_Entertainment,http://www.livenationentertainment.com,http://www.livenationentertainment.com/careers,https://livenation.wd1.myworkdayjobs.com/LNExternalSite
LKQ,LKQ Corporation,https://en.wikipedia.org/wiki/LKQ_Corporation,http://www.lkqcorp.com,http://www.lkqcorp.com/careers,https://lkqcorp.wd5.myworkdayjobs.com/ExternalCareerSite-LKQ
LMT,Lockheed Martin,https://en.wikipedia.org/wiki/Lockheed_Martin,https://www.lockheedmartin.com/,https://www.lockheedmartin.com/careers,https://www.lockheedmartinjobs.com/search-jobs
L,Loews Corporation,https://en.wikipedia.org/wiki/Loews_Corporation,http://www.loews.com,Not Found,Not Found
LOW,Lowe's,https://en.wikipedia.org/wiki/Lowe%27s,https://www.lowes.com/,https://www.lowes.com/careers,https://www.linkedin.com/company/lowe's-home-improvement/jobs/
LULU,Lululemon Athletica,https://en.wikipedia.org/wiki/Lululemon,https://www.corporate.lululemon.com/about-us,Not Found,Not Found
LYB,LyondellBasell,https://en.wikipedia.org/wiki/LyondellBasell,https://www.lyondellbasell.com,https://www.lyondellbasell.com/careers,Not Found
MTB,M&T Bank,https://en.wikipedia.org/wiki/M%26T_Bank,http://www.mtb.com/,http://www.mtb.com/careers,https://mtb.wd5.myworkdayjobs.com/MTB
MPC,Marathon Petroleum,https://en.wikipedia.org/wiki/Marathon_Petroleum,https://www.marathonpetroleum.com/,Not Found,Not Found
MKTX,MarketAxess,https://en.wikipedia.org/wiki/MarketAxess,http://www.marketaxess.com,Not Found,Not Found
MAR,Marriott International,https://en.wikipedia.org/wiki/Marriott_International,https://www.marriott.com/,https://www.marriott.com/careers,https://www.marriott.com/jobs
MMC,Marsh McLennan,https://en.wikipedia.org/wiki/Marsh_McLennan,https://www.marshmclennan.com,https://www.marshmclennan.com/careers,Not Found
MLM,Martin Marietta Materials,https://en.wikipedia.org/wiki/Martin_Marietta_Materials,http://www.martinmarietta.com,http://www.martinmarietta.com/careers,https://jobs.jobvite.com/martinmarietta-internal
MAS,Masco,https://en.wikipedia.org/wiki/Masco,http://www.masco.com,http://www.masco.com/careers,https://jobs.masco.com/us/en
MA,Mastercard,https://en.wikipedia.org/wiki/Mastercard,http://www.mastercard.com,http://www.mastercard.com/careers,Not Found
MTCH,Match Group,https://en.wikipedia.org/wiki/Match_Group,https://www.mtch.com,https://www.mtch.com/careers,https://tinder.com/jobs
MKC,McCormick & Company,https://en.wikipedia.org/wiki/McCormick_%26_Company,http://www.mccormickcorporation.com,http://www.mccormickcorporation.com/careers,http://www.mccormickcorporation.com/go/Corporate-Jobs/8553600/
MCD,McDonald's,https://en.wikipedia.org/wiki/McDonald%27s,https://www.mcdonalds.com/us/en-us.html,https://www.mcdonalds.com/us/en-us.html/careers,https://www.mcdonalds.com/us/en-us.html/jobs
MCK,McKesson Corporation,https://en.wikipedia.org/wiki/McKesson_Corporation,http://www.mckesson.com,http://www.mckesson.com/careers,http://www.mckesson.com/client-and-customer-services-jobs
MDT,Medtronic,https://en.wikipedia.org/wiki/Medtronic,https://www.medtronic.com/,Not Found,Not Found
MRK,Merck & Co.,https://en.wikipedia.org/wiki/Merck_%26_Co.,http://www.merck.com,http://www.merck.com/careers,https://msd.wd5.myworkdayjobs.com/SearchJobs/login
META,Meta Platforms,https://en.wikipedia.org/wiki/Meta_Platforms,https://www.meta.com/,https://www.meta.com/careers,https://www.meta.com/jobs
MET,MetLife,https://en.wikipedia.org/wiki/MetLife,https://www.metlife.com/,https://www.metlife.com/careers,https://www.metlifecareers.com/en_US/ml/SearchJobs
MTD,Mettler Toledo,https://en.wikipedia.org/wiki/Mettler_Toledo,http://www.mt.com,http://www.mt.com/careers,http://www.mt.com/en/saved-jobs
MGM,MGM Resorts,https://en.wikipedia.org/wiki/MGM_Resorts,https://www.mgmresorts.com,Not Found,Not Found
MCHP,Microchip Technology,https://en.wikipedia.org/wiki/Microchip_Technology,https://www.microchip.com/,https://www.microchip.com/careers,Not Found
MU,Micron Technology,https://en.wikipedia.org/wiki/Micron_Technology,https://www.micron.com/,https://www.micron.com/careers,https://www.micron.com/redirects/search-jobs
MSFT,Microsoft,https://en.wikipedia.org/wiki/Microsoft,https://www.microsoft.com/,Not Found,Not Found
MAA,Mid-America Apartment Communities,https://en.wikipedia.org/wiki/Mid-America_Apartment_Communities,http://www.maac.com,Not Found,Not Found
MRNA,Moderna,https://en.wikipedia.org/wiki/Moderna,http://www.modernatx.com,http://www.modernatx.com/careers,https://modernatx.wd1.myworkdayjobs.com/M_tx
MHK,Mohawk Industries,https://en.wikipedia.org/wiki/Mohawk_Industries,http://www.mohawkind.com,http://www.mohawkind.com/careers,Not Found
MOH,Molina Healthcare,https://en.wikipedia.org/wiki/Molina_Healthcare,http://www.molinahealthcare.com,http://www.molinahealthcare.com/careers,https://hckd.fa.us2.oraclecloud.com/fscmUI/faces/deeplink?objType=IRC_RECRUITING&action=ICE_JOB_SEARCH_RESP
TAP,Molson Coors Beverage Company,https://en.wikipedia.org/wiki/Molson_Coors,http://www.molsoncoors.com,http://www.molsoncoors.com/careers,https://jobs.molsoncoors.com/Bosna_i_Hercegovina/?locale=sr_RS
MDLZ,Mondelez International,https://en.wikipedia.org/wiki/Mondelez_International,http://www.mondelezinternational.com,http://www.mondelezinternational.com/careers,http://www.mondelezinternational.com/careers/jobs/
MPWR,Monolithic Power Systems,https://en.wikipedia.org/wiki/Monolithic_Power_Systems,http://www.monolithicpower.com,Not Found,Not Found
MNST,Monster Beverage,https://en.wikipedia.org/wiki/Monster_Beverage,http://www.monsterbevcorp.com,Not Found,Not Found
MCO,Moody's Corporation,https://en.wikipedia.org/wiki/Moody%27s_Corporation,http://www.moodys.com,http://www.moodys.com/careers,http://www.moodys.com/jobs
MS,Morgan Stanley,https://en.wikipedia.org/wiki/Morgan_Stanley,https://www.morganstanley.com,https://www.morganstanley.com/careers,Not Found
MOS,Mosaic Company (The),https://en.wikipedia.org/wiki/The_Mosaic_Company,http://www.mosaicco.com,http://www.mosaicco.com/careers,http://www.mosaicco.com/https://mosaic.wd5.myworkdayjobs.com/mosaic
MSI,Motorola Solutions,https://en.wikipedia.org/wiki/Motorola_Solutions,https://www.motorolasolutions.com/,https://www.motorolasolutions.com/careers,https://motorolasolutions.wd5.myworkdayjobs.com/Careers
MSCI,MSCI Inc.,https://en.wikipedia.org/wiki/MSCI,https://www.msci.com,https://www.msci.com/careers,https://careers.msci.com/job-categories
NDAQ,"Nasdaq, Inc.","https://en.wikipedia.org/wiki/Nasdaq,_Inc.",https://www.nasdaq.com/,https://www.nasdaq.com/careers,https://nasdaq.wd1.myworkdayjobs.com/Global_External_Site
NTAP,NetApp,https://en.wikipedia.org/wiki/NetApp,https://www.netapp.com/,Not Found,Not Found
NFLX,Netflix,"https://en.wikipedia.org/wiki/Netflix,_Inc.",https://www.ir.netflix.net/,Not Found,Not Found
NEM,Newmont,https://en.wikipedia.org/wiki/Newmont,http://www.newmont.com,Not Found,Not Found
NWSA,News Corp (Class A),https://en.wikipedia.org/wiki/News_Corp,http://www.newscorp.com,http://www.newscorp.com/careers,Not Found
NWS,News Corp (Class B),https://en.wikipedia.org/wiki/News_Corp,http://www.newscorp.com,http://www.newscorp.com/careers,Not Found
NEE,NextEra Energy,https://en.wikipedia.org/wiki/NextEra_Energy,http://www.nexteraenergy.com,Not Found,Not Found
NKE,"Nike, Inc.","https://en.wikipedia.org/wiki/Nike,_Inc.",http://www.nike.com,http://www.nike.com/careers,http://www.nike.com/jobs
NI,NiSource,https://en.wikipedia.org/wiki/NiSource,http://www.nisource.com,http://www.nisource.com/company/careers,Not Found
NDSN,Nordson Corporation,https://en.wikipedia.org/wiki/Nordson_Corporation,http://www.nordson.com,Not Found,Not Found
NSC,Norfolk Southern,https://en.wikipedia.org/wiki/Norfolk_Southern_Railway,Not Found,Not Found,Not Found
NTRS,Northern Trust,https://en.wikipedia.org/wiki/Northern_Trust,https://www.northerntrust.com/,https://www.northerntrust.com/careers,Not Found
NOC,Northrop Grumman,https://en.wikipedia.org/wiki/Northrop_Grumman,https://www.northropgrumman.com/,https://www.northropgrumman.com/careers,https://www.northropgrumman.com/careers/veterans-transitioning-to-civilian-careers-job-search-and-networking-strategies
NCLH,Norwegian Cruise Line Holdings,https://en.wikipedia.org/wiki/Norwegian_Cruise_Line_Holdings,http://www.nclhltd.com,Not Found,Not Found
NRG,NRG Energy,https://en.wikipedia.org/wiki/NRG_Energy,https://www.nrg.com/,https://www.nrg.com/careers,Not Found
NUE,Nucor,https://en.wikipedia.org/wiki/Nucor,https://www.nucor.com/,https://www.nucor.com/careers,https://jobs.nucor.com/
NVDA,Nvidia,https://en.wikipedia.org/wiki/Nvidia,https://www.nvidia.com/,https://www.nvidia.com/careers,https://nvidia.wd5.myworkdayjobs.com/NVIDIAExternalCareerSite
NVR,"NVR, Inc.","https://en.wikipedia.org/wiki/NVR,_Inc.",https://www.nvrinc.com,Not Found,Not Found
NXPI,NXP Semiconductors,https://en.wikipedia.org/wiki/NXP_Semiconductors,https://www.nxp.com/,https://www.nxp.com/careers,https://nxp.wd3.myworkdayjobs.com/careers
ORLY,O’Reilly Automotive,https://en.wikipedia.org/wiki/O%27Reilly_Auto_Parts,https://www.oreillyauto.com,Not Found,Not Found
OXY,Occidental Petroleum,https://en.wikipedia.org/wiki/Occidental_Petroleum,http://www.oxy.com,http://www.oxy.com/careers,https://oxy.wd5.myworkdayjobs.com/Corporate
ODFL,Old Dominion,https://en.wikipedia.org/wiki/Old_Dominion_Freight_Line,http://www.odfl.com,http://www.odfl.com/careers,https://odfl.wd1.myworkdayjobs.com/ODFL_Careers
OMC,Omnicom Group,https://en.wikipedia.org/wiki/Omnicom_Group,https://www.omnicomgroup.com,Not Found,Not Found
ON,ON Semiconductor,https://en.wikipedia.org/wiki/Onsemi,https://www.onsemi.com/,Not Found,Not Found
OKE,Oneok,https://en.wikipedia.org/wiki/Oneok,http://www.oneok.com,http://www.oneok.com/careers,https://oneok.wd1.myworkdayjobs.com/ONEOK
ORCL,Oracle Corporation,https://en.wikipedia.org/wiki/Oracle_Corporation,https://www.oracle.com/,https://www.oracle.com/careers,https://www.oracle.com/careers/opportunities/security-clearance-jobs-onsr/
OTIS,Otis Worldwide,https://en.wikipedia.org/wiki/Otis_Worldwide,http://www.otis.com,http://www.otis.com/careers,https://otis.wd5.myworkdayjobs.com/REC_Ext_Gateway
PCAR,Paccar,https://en.wikipedia.org/wiki/Paccar,https://www.paccar.com,https://www.paccar.com/careers,https://jobs.paccar.com
PKG,Packaging Corporation of America,https://en.wikipedia.org/wiki/Packaging_Corporation_of_America,http://www.packagingcorp.com,Not Found,Not Found
PLTR,Palantir Technologies,https://en.wikipedia.org/wiki/Palantir_Technologies,https://www.palantir.com,https://www.palantir.com/careers,Not Found
PANW,Palo Alto Networks,https://en.wikipedia.org/wiki/Palo_Alto_Networks,http://www.paloaltonetworks.com,http://www.paloaltonetworks.com/careers,http://www.paloaltonetworks.com/en/saved-jobs
PARA,Paramount Global,https://en.wikipedia.org/wiki/Paramount_Global,https://www.paramount.com/,Not Found,Not Found
PH,Parker Hannifin,https://en.wikipedia.org/wiki/Parker_Hannifin,http://www.parker.com,Not Found,Not Found
PAYX,Paychex,https://en.wikipedia.org/wiki/Paychex,https://www.paychex.com,https://www.paychex.com/careers,https://www.paychex.com/careers/jobs
PAYC,Paycom,https://en.wikipedia.org/wiki/Paycom,https://www.paycom.com,https://www.paycom.com/careers,https://www.paycom.com/careers/job-categories/
PYPL,PayPal,https://en.wikipedia.org/wiki/PayPal,http://www.paypal.com,Not Found,Not Found
PNR,Pentair,https://en.wikipedia.org/wiki/Pentair,http://www.pentair.com,http://www.pentair.com/careers,Not Found
PEP,PepsiCo,https://en.wikipedia.org/wiki/PepsiCo,https://www.pepsico.com/,https://www.pepsico.com/careers,https://www.pepsico.com/main/jobs?keywords=Administration
PFE,Pfizer,https://en.wikipedia.org/wiki/Pfizer,https://www.pfizer.com/,https://www.pfizer.com/careers,https://www.linkedin.com/company/pfizer/jobs
PCG,PG&E Corporation,https://en.wikipedia.org/wiki/PG%26E,https://www.pgecorp.com,Not Found,Not Found
PM,Philip Morris International,https://en.wikipedia.org/wiki/Philip_Morris_International,http://www.pmi.com,http://www.pmi.com/careers,http://www.pmi.com/careers/explore-our-job-opportunities
PSX,Phillips 66,https://en.wikipedia.org/wiki/Phillips_66,https://www.phillips66.com,https://www.phillips66.com/careers,Not Found
PNW,Pinnacle West Capital,https://en.wikipedia.org/wiki/Pinnacle_West_Capital,http://www.pinnaclewest.com,Not Found,Not Found
PNC,PNC Financial Services,https://en.wikipedia.org/wiki/PNC_Financial_Services,http://www.pnc.com,Not Found,Not Found
POOL,Pool Corporation,https://en.wikipedia.org/wiki/Pool_Corporation,https://www.poolcorp.com/,https://www.poolcorp.com/careers,https://poolcorp.wd1.myworkdayjobs.com/POOLCORP
PPG,PPG Industries,https://en.wikipedia.org/wiki/PPG_Industries,http://www.ppg.com,Not Found,Not Found
PPL,PPL Corporation,https://en.wikipedia.org/wiki/PPL_Corporation,http://www.pplweb.com,http://www.pplweb.com/careers,https://careers-pplweb.icims.com/jobs/intro?hashed=-625946359&mobile=false&width=1128&height=500&bga=true&needsRedirect=false&jan1offset=-300&jun1offset=-240
PFG,Principal Financial Group,https://en.wikipedia.org/wiki/Principal_Financial_Group,http://www.principal.com,http://www.principal.com/careers,Not Found
PG,Procter & Gamble,https://en.wikipedia.org/wiki/Procter_%26_Gamble,https://www.pg.com/,https://www.pg.com/careers,Not Found
PGR,Progressive Corporation,https://en.wikipedia.org/wiki/Progressive_Corporation,https://www.progressive.com,Not Found,Not Found
PLD,Prologis,https://en.wikipedia.org/wiki/Prologis,https://www.prologis.com,Not Found,Not Found
PRU,Prudential Financial,https://en.wikipedia.org/wiki/Prudential_Financial,http://www.prudential.com,Not Found,Not Found
PEG,Public Service Enterprise Group,https://en.wikipedia.org/wiki/Public_Service_Enterprise_Group,http://www.pseg.com,http://www.pseg.com/careers,Not Found
PTC,PTC Inc.,https://en.wikipedia.org/wiki/PTC_(software_company),http://www.ptc.com,http://www.ptc.com/careers,Not Found
PSA,Public Storage,https://en.wikipedia.org/wiki/Public_Storage,http://www.publicstorage.com,http://www.publicstorage.com/jobs,http://www.publicstorage.com/search-jobs
PHM,PulteGroup,https://en.wikipedia.org/wiki/PulteGroup,http://www.pultegroupinc.com,Not Found,Not Found
PWR,Quanta Services,https://en.wikipedia.org/wiki/Quanta_Services,https://www.quantaservices.com/,https://www.quantaservices.com/careers,https://careers-quanta.icims.com/jobs/intro?hashed=-435625279
QCOM,Qualcomm,https://en.wikipedia.org/wiki/Qualcomm,https://www.qualcomm.com/,https://www.qualcomm.com/careers,Not Found
DGX,Quest Diagnostics,https://en.wikipedia.org/wiki/Quest_Diagnostics,https://www.questdiagnostics.com,https://www.questdiagnostics.com/careers,https://www.questdiagnostics.com/search-jobs
RL,Ralph Lauren Corporation,https://en.wikipedia.org/wiki/Ralph_Lauren_Corporation,http://www.ralphlauren.com,Not Found,Not Found
RJF,Raymond James Financial,https://en.wikipedia.org/wiki/Raymond_James_Financial,http://www.raymondjames.com,Not Found,Not Found
RTX,RTX Corporation,https://en.wikipedia.org/wiki/RTX_Corporation,http://www.rtx.com,http://www.rtx.com/careers,https://careers.rtx.com/global/en/c/aftermarket-service-jobs
O,Realty Income,https://en.wikipedia.org/wiki/Realty_Income,https://www.realtyincome.com,https://www.realtyincome.com/careers,https://www.realtyincome.com/realtyincome/jobs/all
REG,Regency Centers,https://en.wikipedia.org/wiki/Regency_Centers,https://www.regencycenters.com/,https://www.regencycenters.com/careers,Not Found
REGN,Regeneron Pharmaceuticals,https://en.wikipedia.org/wiki/Regeneron_Pharmaceuticals,https://www.regeneron.com/,Not Found,Not Found
RF,Regions Financial Corporation,https://en.wikipedia.org/wiki/Regions_Financial_Corporation,https://www.regions.com/,Not Found,Not Found
RSG,Republic Services,https://en.wikipedia.org/wiki/Republic_Services,http://www.republicservices.com,http://www.republicservices.com/careers,Not Found
RMD,ResMed,https://en.wikipedia.org/wiki/ResMed,http://www.resmed.com,http://www.resmed.com/careers,http://www.resmed.com/#resmed-external-jobs
RVTY,Revvity,https://en.wikipedia.org/wiki/Revvity,http://www.revvity.com,Not Found,Not Found
ROK,Rockwell Automation,https://en.wikipedia.org/wiki/Rockwell_Automation,http://www.rockwellautomation.com,http://www.rockwellautomation.com/careers,http://www.rockwellautomation.com/en-us/careers/view-jobs.html
ROL,"Rollins, Inc.","https://en.wikipedia.org/wiki/Rollins,_Inc.",https://www.rollins.com,https://www.rollins.com/careers,https://www.rollins.com/rollins/jobs
ROP,Roper Technologies,https://en.wikipedia.org/wiki/Roper_Technologies,http://www.ropertech.com,Not Found,Not Found
ROST,Ross Stores,https://en.wikipedia.org/wiki/Ross_Stores,https://www.rossstores.com,https://www.rossstores.com/careers,https://www.rossstores.com/search/searchjobs
RCL,Royal Caribbean Group,https://en.wikipedia.org/wiki/Royal_Caribbean_Group,http://www.royalcaribbeangroup.com/,Not Found,Not Found
SPGI,S&P Global,https://en.wikipedia.org/wiki/S%26P_Global,https://www.spglobal.com/en,Not Found,Not Found
CRM,Salesforce,https://en.wikipedia.org/wiki/Salesforce,https://www.salesforce.com/,https://www.salesforce.com/careers,https://salesforce.wd12.myworkdayjobs.com/External_Career_Site
SBAC,SBA Communications,https://en.wikipedia.org/wiki/SBA_Communications,http://www.sbasite.com,Not Found,Not Found
SLB,Schlumberger,https://en.wikipedia.org/wiki/Schlumberger,http://www.slb.com/,http://www.slb.com/careers,https://careers.slb.com/job-listing
STX,Seagate Technology,https://en.wikipedia.org/wiki/Seagate_Technology,http://www.seagate.com,http://www.seagate.com/careers,Not Found
SRE,Sempra,https://en.wikipedia.org/wiki/Sempra,http://www.sempra.com,Not Found,Not Found
NOW,ServiceNow,https://en.wikipedia.org/wiki/ServiceNow,https://www.servicenow.com,Not Found,Not Found
SHW,Sherwin-Williams,https://en.wikipedia.org/wiki/Sherwin-Williams,http://www.sherwin-williams.com,http://www.sherwin-williams.com/careers,https://jobsearch.sherwin.com
SPG,Simon Property Group,https://en.wikipedia.org/wiki/Simon_Property_Group,http://www.simon.com,Not Found,Not Found
SWKS,Skyworks Solutions,https://en.wikipedia.org/wiki/Skyworks_Solutions,https://www.skyworksinc.com/,https://www.skyworksinc.com/careers,Not Found
SJM,J.M. Smucker Company (The),https://en.wikipedia.org/wiki/The_J.M._Smucker_Company,http://www.jmsmucker.com,http://www.jmsmucker.com/careers,https://smucker.wd5.myworkdayjobs.com/US_External_Careers
SW,Smurfit Westrock,https://en.wikipedia.org/wiki/Smurfit_Westrock,https://www.smurfitwestrock.com,https://www.smurfitwestrock.com/careers,Not Found
SNA,Snap-on,https://en.wikipedia.org/wiki/Snap-on,https://www.snapon.com/,https://www.snapon.com/careers,Not Found
SOLV,Solventum,https://en.wikipedia.org/wiki/Solventum,http://www.Solventum.com,Not Found,Not Found
SO,Southern Company,https://en.wikipedia.org/wiki/Southern_Company,http://www.southerncompany.com,http://www.southerncompany.com/careers,http://southerncompany-engineer.jobs
LUV,Southwest Airlines,https://en.wikipedia.org/wiki/Southwest_Airlines,http://www.southwest.com,http://www.southwest.com/careers,Not Found
SWK,Stanley Black & Decker,https://en.wikipedia.org/wiki/Stanley_Black_%26_Decker,https://www.stanleyblackanddecker.com,Not Found,Not Found
SBUX,Starbucks,https://en.wikipedia.org/wiki/Starbucks,https://www.starbucks.com/,https://www.starbucks.com/careers,https://www.instagram.com/starbucksjobs/?hl=en
STT,State Street Corporation,https://en.wikipedia.org/wiki/State_Street_Corporation,http://www.statestreet.com,http://www.statestreet.com/careers,Not Found
STLD,Steel Dynamics,https://en.wikipedia.org/wiki/Steel_Dynamics,https://www.stld.steeldynamics.com/,Not Found,Not Found
STE,Steris,https://en.wikipedia.org/wiki/Steris,http://www.steris.com,http://www.steris.com/careers,http://www.steris.com/go/Business-Administration-&-Management-Jobs/4368900/
SYK,Stryker Corporation,https://en.wikipedia.org/wiki/Stryker_Corporation,http://www.stryker.com,http://www.stryker.com/careers,http://www.stryker.com/jobs
SMCI,Supermicro,https://en.wikipedia.org/wiki/Supermicro,https://www.supermicro.com/,https://www.supermicro.com/careers,https://www.supermicro.com/en/jobs
SYF,Synchrony Financial,https://en.wikipedia.org/wiki/Synchrony_Financial,http://www.synchrony.com,http://www.synchrony.com/careers,https://www.synchronycareers.com/job-search-results/
SNPS,Synopsys,https://en.wikipedia.org/wiki/Synopsys,https://www.synopsys.com/,https://www.synopsys.com/careers,https://synopsys.avature.net/talentcommunity?jobId=88&source=Radancy&tags=Careersite_leads
SYY,Sysco,https://en.wikipedia.org/wiki/Sysco,http://www.sysco.com,http://www.sysco.com/careers,http://www.sysco.com/saved-jobs
TMUS,T-Mobile US,https://en.wikipedia.org/wiki/T-Mobile_US,https://www.t-mobile.com/,https://www.t-mobile.com/careers,https://www.t-mobile.com/jobs
TROW,T. Rowe Price,https://en.wikipedia.org/wiki/T._Rowe_Price,http://www.troweprice.com,http://www.troweprice.com/careers,https://troweprice.wd5.myworkdayjobs.com/TRowePriceInternational/jobs
TTWO,Take-Two Interactive,https://en.wikipedia.org/wiki/Take-Two_Interactive,https://www.take2games.com/,https://www.take2games.com/careers,https://job-boards.greenhouse.io/taketwo/jobs/6916125
TPR,"Tapestry, Inc.","https://en.wikipedia.org/wiki/Tapestry,_Inc.",http://www.tapestry.com,http://www.tapestry.com/careers,http://www.tapestry.com/go/Jobs-at-Tapestry/4131900/
TRGP,Targa Resources,https://en.wikipedia.org/wiki/Targa_Resources,https://www.targaresources.com,Not Found,Not Found
TGT,Target Corporation,https://en.wikipedia.org/wiki/Target_Corporation,https://www.target.com/,https://www.target.com/careers,https://www.target.com/careers/job-search
TEL,TE Connectivity,https://en.wikipedia.org/wiki/TE_Connectivity,http://www.te.com,http://www.te.com/careers,Not Found
TDY,Teledyne Technologies,https://en.wikipedia.org/wiki/Teledyne_Technologies,http://www.teledyne.com/,http://www.teledyne.com/careers,Not Found
TER,Teradyne,https://en.wikipedia.org/wiki/Teradyne,http://www.teradyne.com,http://www.teradyne.com/careers,https://teradyneint1.valhalla.stage.jobs2web.com/
TSLA,"Tesla, Inc.","https://en.wikipedia.org/wiki/Tesla,_Inc.",https://www.tesla.com,Not Found,Not Found
TXN,Texas Instruments,https://en.wikipedia.org/wiki/Texas_Instruments,https://www.ti.com/,https://www.ti.com/careers,Not Found
TPL,Texas Pacific Land Corporation,https://en.wikipedia.org/wiki/Texas_Pacific_Land_Corporation,https://www.TexasPacific.com,Not Found,Not Found
TXT,Textron,https://en.wikipedia.org/wiki/Textron,https://www.textron.com,https://www.textron.com/careers,https://www.textron.com/jobs/
TMO,Thermo Fisher Scientific,https://en.wikipedia.org/wiki/Thermo_Fisher_Scientific,https://www.thermofisher.com/,Not Found,Not Found
TJX,TJX Companies,https://en.wikipedia.org/wiki/TJX_Companies,http://www.tjx.com,Not Found,Not Found
TKO,TKO Group Holdings,https://en.wikipedia.org/wiki/TKO_Group_Holdings,http://www.tkogrp.com,Not Found,Not Found
TSCO,Tractor Supply,https://en.wikipedia.org/wiki/Tractor_Supply,http://www.tractorsupply.com,http://www.tractorsupply.com/careers,Not Found
TT,Trane Technologies,https://en.wikipedia.org/wiki/Trane_Technologies,http://www.tranetechnologies.com,http://www.tranetechnologies.com/careers,Not Found
TDG,TransDigm Group,https://en.wikipedia.org/wiki/TransDigm_Group,http://www.transdigm.com,Not Found,Not Found
TRV,Travelers Companies (The),https://en.wikipedia.org/wiki/The_Travelers_Companies,http://www.travelers.com,http://www.travelers.com/careers,https://careers.travelers.com/job-search-results/
TRMB,Trimble Inc.,https://en.wikipedia.org/wiki/Trimble_Inc.,https://www.trimble.com,https://www.trimble.com/careers,Not Found
TFC,Truist Financial,https://en.wikipedia.org/wiki/Truist_Financial,https://www.truist.com,https://www.truist.com/careers,Not Found
TYL,Tyler Technologies,https://en.wikipedia.org/wiki/Tyler_Technologies,http://www.tylertech.com,http://www.tylertech.com/careers,https://www.tylertech.com/careers/job-openings
TSN,Tyson Foods,https://en.wikipedia.org/wiki/Tyson_Foods,http://www.tysonfoods.com,http://www.tysonfoods.com/careers,https://tysonfoods.wd5.myworkdayjobs.com/TSN
USB,U.S. Bancorp,https://en.wikipedia.org/wiki/U.S._Bancorp,https://www.usbank.com/,https://www.usbank.com/careers,Not Found
UBER,Uber,https://en.wikipedia.org/wiki/Uber,https://www.uber.com,Not Found,Not Found
UDR,"UDR, Inc.","https://en.wikipedia.org/wiki/UDR,_Inc.",https://www.udr.com/,https://www.udr.com/careers,https://www.udr.com/careers/corporate-jobs/
ULTA,Ulta Beauty,https://en.wikipedia.org/wiki/Ulta_Beauty,http://www.ulta.com,http://www.ulta.com/careers,http://www.ulta.com/jobs
UNP,Union Pacific Corporation,https://en.wikipedia.org/wiki/Union_Pacific_Corporation,http://www.up.com,Not Found,Not Found
UAL,United Airlines Holdings,https://en.wikipedia.org/wiki/United_Airlines_Holdings,https://www.united.com,Not Found,Not Found
UPS,United Parcel Service,https://en.wikipedia.org/wiki/United_Parcel_Service,https://www.ups.com/,Not Found,Not Found
URI,United Rentals,https://en.wikipedia.org/wiki/United_Rentals,http://www.unitedrentals.com,http://www.unitedrentals.com/careers,http://www.unitedrentals.com/search/searchjobs
UNH,UnitedHealth Group,https://en.wikipedia.org/wiki/UnitedHealth_Group,https://www.unitedhealthgroup.com/,https://www.unitedhealthgroup.com/careers,https://careers.unitedhealthgroup.com/job-search-results/
UHS,Universal Health Services,https://en.wikipedia.org/wiki/Universal_Health_Services,http://www.uhs.com,Not Found,Not Found
VLO,Valero Energy,https://en.wikipedia.org/wiki/Valero_Energy,https://www.valero.com,https://www.valero.com/careers,https://www.valero.com/careers/getting-hired/job-search-process
VTR,Ventas,https://en.wikipedia.org/wiki/Ventas_(company),https://www.ventasreit.com,https://www.ventasreit.com/careers,https://ventas.wd1.myworkdayjobs.com/ventas_careers
VLTO,Veralto,https://en.wikipedia.org/wiki/Veralto,http://www.danaher.com,Not Found,Not Found
VRSN,Verisign,https://en.wikipedia.org/wiki/Verisign,https://www.verisign.com/,https://www.verisign.com/careers,https://www.verisign.com/en_US/company-information/verisign-careers/job-opportunities/index.xhtml
VRSK,Verisk Analytics,https://en.wikipedia.org/wiki/Verisk_Analytics,http://www.verisk.com/,http://www.verisk.com/careers,Not Found
VZ,Verizon,https://en.wikipedia.org/wiki/Verizon,https://www.verizon.com/,https://www.verizon.com/careers,https://www.verizon.com/jobs/saved-jobs/
VRTX,Vertex Pharmaceuticals,https://en.wikipedia.org/wiki/Vertex_Pharmaceuticals,https://www.vrtx.com/,https://www.vrtx.com/careers,https://vrtx.wd501.myworkdayjobs.com/vertex_careers
VTRS,Viatris,https://en.wikipedia.org/wiki/Viatris,http://www.viatris.com,http://www.viatris.com/careers,https://viatris.wd5.myworkdayjobs.com/External
VICI,Vici Properties,https://en.wikipedia.org/wiki/Vici_Properties,http://www.viciproperties.com,http://www.viciproperties.com/careers,Not Found
V,Visa Inc.,https://en.wikipedia.org/wiki/Visa_Inc.,https://www.visa.com/,https://www.visa.com/careers,https://corporate.visa.com/en/jobs/
VST,Vistra Corp.,https://en.wikipedia.org/wiki/Vistra_Corp,http://www.vistracorp.com,http://www.vistracorp.com/careers,https://vst.wd5.myworkdayjobs.com/en-US/vistra_careers
VMC,Vulcan Materials Company,https://en.wikipedia.org/wiki/Vulcan_Materials_Company,https://www.vulcanmaterials.com,https://www.vulcanmaterials.com/careers,https://vulcanmat.taleo.net/careersection/2/jobsearch.ftl?lang=en
WRB,W. R. Berkley Corporation,https://en.wikipedia.org/wiki/W._R._Berkley_Corporation,http://www.berkley.com,http://www.berkley.com/careers,https://careers-berkley.icims.com/jobs/intro
GWW,W. W. Grainger,https://en.wikipedia.org/wiki/W._W._Grainger,http://www.grainger.com,Not Found,Not Found
WAB,Wabtec,https://en.wikipedia.org/wiki/Wabtec,https://www.wabteccorp.com,https://www.wabteccorp.com/careers,https://wabtec.wd1.myworkdayjobs.com/wabtec_careers
WBA,Walgreens Boots Alliance,https://en.wikipedia.org/wiki/Walgreens_Boots_Alliance,http://www.walgreensbootsalliance.com,http://www.walgreensbootsalliance.com/careers,Not Found
WMT,Walmart,https://en.wikipedia.org/wiki/Walmart,https://www.walmart.com/,Not Found,Not Found
DIS,Walt Disney Company (The),https://en.wikipedia.org/wiki/The_Walt_Disney_Company,http://www.thewaltdisneycompany.com,Not Found,Not Found
WBD,Warner Bros. Discovery,https://en.wikipedia.org/wiki/Warner_Bros._Discovery,https://www.wbd.com/,https://www.wbd.com/careers,Not Found
WM,Waste Management,"https://en.wikipedia.org/wiki/Waste_Management,_Inc.",http://www.wm.com,http://www.wm.com/careers,Not Found
WAT,Waters Corporation,https://en.wikipedia.org/wiki/Waters_Corporation,http://www.waters.com,Not Found,Not Found
WEC,WEC Energy Group,https://en.wikipedia.org/wiki/WEC_Energy_Group,http://www.wecenergygroup.com,http://www.wecenergygroup.com/careers,Not Found
WFC,Wells Fargo,https://en.wikipedia.org/wiki/Wells_Fargo,http://www.wellsfargo.com,http://www.wellsfargo.com/careers,https://www.wellsfargojobs.com/en/
WELL,Welltower,https://en.wikipedia.org/wiki/Welltower,https://www.welltower.com/,Not Found,Not Found
WST,West Pharmaceutical Services,https://en.wikipedia.org/wiki/West_Pharmaceutical_Services,https://www.westpharma.com,https://www.westpharma.com/careers,Not Found
WDC,Western Digital,https://en.wikipedia.org/wiki/Western_Digital,https://www.westerndigital.com,https://www.westerndigital.com/careers,https://jobs.westerndigital.com/applicant-policies-and-disclaimers
WY,Weyerhaeuser,https://en.wikipedia.org/wiki/Weyerhaeuser,http://www.weyerhaeuser.com,http://www.weyerhaeuser.com/careers,https://weyerhaeuser.taleo.net/careersection/10000/jobsearch.ftl?lang=en
WSM,"Williams-Sonoma, Inc.","https://en.wikipedia.org/wiki/Williams-Sonoma,_Inc.",https://www.williams-sonoma.com,Not Found,Not Found
WMB,Williams Companies,https://en.wikipedia.org/wiki/Williams_Companies,http://www.williams.com,http://www.williams.com/careers,https://williams.wd5.myworkdayjobs.com/External
WTW,Willis Towers Watson,https://en.wikipedia.org/wiki/Willis_Towers_Watson,http://www.wtwco.com,http://www.wtwco.com/careers,Not Found
WDAY,"Workday, Inc.","https://en.wikipedia.org/wiki/Workday,_Inc.",http://www.workday.com,http://www.workday.com/careers,https://workday.wd5.myworkdayjobs.com/Workday
WYNN,Wynn Resorts,https://en.wikipedia.org/wiki/Wynn_Resorts,http://www.wynnresorts.com,http://www.wynnresorts.com/careers,Not Found
XEL,Xcel Energy,https://en.wikipedia.org/wiki/Xcel_Energy,https://www.my.xcelenergy.com,Not Found,Not Found
XYL,Xylem Inc.,https://en.wikipedia.org/wiki/Xylem_Inc.,https://www.xylem.com,https://www.xylem.com/careers,https://xylem.wd5.myworkdayjobs.com/xylem-careers
YUM,Yum! Brands,https://en.wikipedia.org/wiki/Yum!_Brands,https://www.yum.com,https://www.yum.com/careers,https://jobs.yum.com/
ZBRA,Zebra Technologies,https://en.wikipedia.org/wiki/Zebra_Technologies,http://www.zebra.com,http://www.zebra.com/careers,Not Found
ZBH,Zimmer Biomet,https://en.wikipedia.org/wiki/Zimmer_Biomet,http://www.zimmerbiomet.com,http://www.zimmerbiomet.com/careers,Not Found
ZTS,Zoetis,https://en.wikipedia.org/wiki/Zoetis,http://www.zoetis.com,http://www.zoetis.com/careers,https://zoetis.wd5.myworkdayjobs.com/zoetis/jobs
